<?xml version="1.0" encoding="UTF-8"?>
<CustomField xmlns="http://soap.sforce.com/2006/04/metadata">
    <fullName>ArrivalAirport__c</fullName>
    <deleteConstraint>SetNull</deleteConstraint>
    <externalId>false</externalId>
    <label>Arrival Airport</label>
    <referenceTo>Airport__c</referenceTo>
    <relationshipLabel>Flight Services (Arrival Airport)</relationshipLabel>
    <relationshipName>ArrivalFlightService</relationshipName>
    <required>false</required>
    <trackTrending>false</trackTrending>
    <type>Lookup</type>
</CustomField>
