<?xml version="1.0" encoding="UTF-8"?>
<CustomField xmlns="http://soap.sforce.com/2006/04/metadata">
    <fullName>DepartureAirport__c</fullName>
    <deleteConstraint>SetNull</deleteConstraint>
    <externalId>false</externalId>
    <label>Departure Airport</label>
    <referenceTo>Airport__c</referenceTo>
    <relationshipLabel>DepartureAirportService</relationshipLabel>
    <relationshipName>Flight_Services</relationshipName>
    <required>false</required>
    <trackTrending>false</trackTrending>
    <type>Lookup</type>
</CustomField>
