<?xml version="1.0" encoding="UTF-8"?>
<CustomApplication xmlns="http://soap.sforce.com/2006/04/metadata">
    <brand>
        <headerColor>#0070D2</headerColor>
        <logo>nuvolar1</logo>
        <logoVersion>1</logoVersion>
        <shouldOverrideOrgTheme>true</shouldOverrideOrgTheme>
    </brand>
    <formFactors>Small</formFactors>
    <formFactors>Large</formFactors>
    <isNavAutoTempTabsDisabled>false</isNavAutoTempTabsDisabled>
    <isNavPersonalizationDisabled>false</isNavPersonalizationDisabled>
    <isNavTabPersistenceDisabled>false</isNavTabPersistenceDisabled>
    <label>Nuvolar App</label>
    <navType>Standard</navType>
    <tabs>standard-home</tabs>
    <tabs>FlightService__c</tabs>
    <tabs>Airport__c</tabs>
    <uiType>Lightning</uiType>
    <utilityBar>Nuvolar_App_UtilityBar</utilityBar>
</CustomApplication>
